,gamename,avg,publisher,developer,tag_common,multi,genre_common,plat_count
0,0,203.52928571428575,37,21,20,0,2,1
1,0,25.4059375,-1,-1,-1,-1,2,4
3,0,71.82271428571428,2,3,20,0,5,3
4,0,9405.545172413795,1,1,20,1,7,5
5,0,114.97618181818177,8,7,20,0,3,2
6,0,4487.715,-1,-1,-1,-1,-1,-1
7,0,611.079,-1,-1,-1,-1,-1,-1
8,0,818.5103703703704,-1,-1,-1,-1,-1,-1
9,0,133.0323076923077,-1,-1,-1,-1,-1,-1
10,0,3590.538666666667,-1,-1,-1,-1,-1,-1
11,0,826.5857692307692,-1,-1,-1,-1,-1,-1
12,0,14.112749999999997,-1,-1,-1,-1,-1,-1
13,0,2143.3325,-1,-1,-1,-1,-1,-1
14,0,427.9846153846152,2,3,8,0,-1,-1
15,0,273.2278333333333,4,5,20,0,2,6
16,0,109.39731707317075,21,2,20,0,3,3
17,0,389.6233333333333,-1,-1,-1,-1,3,3
18,0,42.55607142857142,58,1,20,0,5,4
19,0,591.9419999999998,156,3,19,0,2,3
20,0,1357.4410576923078,3,2,20,0,3,3
21,0,42149.28371428572,5,7,20,0,5,7
22,0,1364.3806250000005,2,2,20,0,2,3
23,0,5605.681851851851,1,1,20,0,-1,-1
24,0,138.7478431372549,100,2,20,0,3,3
25,0,802.754,-1,-1,-1,-1,-1,-1
26,0,3292.765774647887,7,7,20,0,3,6
27,0,6073.861052631578,-1,-1,-1,-1,-1,-1
28,0,14609.342499999999,-1,-1,-1,-1,1,1
29,0,4370.412,-1,-1,-1,-1,-1,-1
30,0,757.286842105263,-1,-1,-1,-1,1,1
31,0,1381.3519230769232,-1,-1,-1,-1,-1,-1
32,0,672.6292857142859,-1,-1,-1,-1,-1,-1
33,0,1057.4313253012044,42,1,20,0,2,1
34,0,699.8667676767678,269,10,20,1,2,3
35,0,1005.1442500000003,1,1,19,0,7,1
36,0,155.72990384615386,6,8,20,0,-1,-1
37,0,169.91644230769236,3,10,20,0,2,2
38,0,21.072980769230774,-1,-1,-1,-1,2,2
39,0,3801.913529411763,1,1,20,1,3,3
40,0,126.56567307692308,33,42,20,0,1,1
41,0,291.1866,1,1,20,0,2,1
42,0,350.32000000000016,85,9,20,0,1,4
43,0,104.21557692307691,216,45,20,0,-1,-1
44,0,24.97894230769231,216,35,20,0,-1,-1
45,0,1673.846153846154,-1,-1,-1,-1,-1,-1
46,0,513.6265555555556,1,1,20,0,2,2
47,0,3028.1846376811586,61,76,20,0,2,3
48,0,30.49177777777778,6,2,20,0,3,3
49,0,119.86942307692304,6,6,20,0,3,3
50,0,15.653975903614455,-1,-1,-1,-1,3,6
51,0,442.22365384615364,294,15,20,0,2,1
52,0,14.275961538461543,15,13,11,0,3,7
53,0,55.70490196078431,1,1,20,0,2,3
54,0,83044.0975,-1,-1,-1,-1,-1,-1
55,0,53.42322033898305,5,7,20,1,3,6
56,0,877.6053164556963,19,2,20,0,3,1
57,0,88.62452631578947,-1,-1,-1,-1,-1,-1
58,0,148.3127450980392,27,28,20,0,-1,-1
59,0,103.64117647058828,9,3,20,0,1,2
60,0,2812.4718269230775,27,28,20,0,3,1
61,0,15340.924895833336,27,28,20,0,3,1
62,0,21.31682692307693,-1,-1,-1,-1,-1,-1
63,0,250.68648648648653,6,7,19,0,4,7
64,0,185.44240000000002,1,1,20,0,4,2
65,0,632.2729629629629,33,42,20,0,1,3
66,0,664.331967213115,1,1,5,0,-1,-1
67,0,109.01798076923083,-1,-1,-1,-1,7,3
68,0,259.4242307692307,294,43,19,0,2,6
69,0,422.5365384615387,-1,-1,-1,-1,-1,-1
70,0,1278.867471264368,294,43,20,0,2,7
71,0,9331.706551724139,294,3,20,0,3,4
72,0,2842.1082499999998,294,43,20,0,3,3
73,0,183.19432692307697,294,43,19,0,2,5
74,0,232.99561643835617,294,3,20,0,2,6
75,0,518.8732812499999,294,5,20,0,2,3
76,0,514.1114473684212,294,49,20,0,2,3
77,0,1641.2896629213483,1,11,19,0,1,3
78,0,861.0633333333332,58,11,9,0,1,3
79,0,200.56321428571422,19,23,20,0,-1,-1
80,0,41.73273684210526,3,4,20,0,1,3
81,0,514.2508536585368,5,2,20,0,5,2
82,0,675.3784,2,2,20,1,3,2
83,1,611.8353398058252,-1,-1,-1,-1,4,5
84,0,32.85028169014084,1,2,20,0,3,8
85,0,216.63634615384612,228,6,20,0,-1,-1
86,0,2929.571052631578,269,11,20,1,-1,-1
87,0,10.290865384615383,1,1,20,0,2,1
88,0,1721.1314285714286,-1,-1,-1,-1,-1,-1
89,0,453.3128,3,3,20,0,3,1
90,0,278.74877551020404,1,1,19,1,4,3
91,0,31.136923076923065,-1,-1,-1,-1,-1,-1
92,0,19.225288461538447,-1,-1,-1,-1,-1,-1
93,0,5786.882,6,8,13,1,-1,-1
94,0,404.6606818181819,12,18,20,1,2,7
95,0,465.1115151515152,12,18,20,1,2,8
96,0,63.97114285714285,13,13,20,1,3,3
97,0,1514.008539325842,1,1,20,0,3,1
98,0,509.19666666666643,74,1,19,0,5,3
99,0,153.22192307692313,4,7,19,0,3,8
100,0,73.21745454545454,26,27,19,0,-1,-1
101,0,329.1179807692307,-1,-1,-1,-1,-1,-1
102,0,659.0894117647058,-1,-1,-1,-1,-1,-1
103,0,1352.0955072463764,44,17,19,0,2,3
104,0,746.0871910112357,44,1,19,0,2,3
105,0,621.6078873239437,1,11,20,0,3,1
106,0,483.2706097560976,5,6,20,0,4,4
107,0,1720.43,-1,-1,-1,-1,-1,-1
108,0,1171.2422222222222,-1,-1,-1,-1,-1,-1
109,0,447.31028846153856,44,3,20,0,1,3
110,0,2529.3366666666666,-1,-1,-1,-1,1,3
111,0,2202.531296296296,3,5,20,0,2,1
112,0,200.20021276595745,216,2,20,0,2,6
113,0,1633.6059493670894,1,1,20,0,3,2
114,0,583.4477777777778,1,1,13,0,5,1
115,0,1365.7224999999996,1,14,19,0,1,2
116,0,131.6319642857143,7,5,20,0,3,8
117,0,144.49276595744678,1,1,20,0,5,8
118,0,711.0232876712329,1,1,20,1,2,3
119,0,22.588653846153854,216,2,18,0,1,3
120,0,1324.9463541666664,8,6,20,0,1,6
121,0,419.4253703703701,6,1,20,0,2,5
122,0,10.328225806451613,6,6,20,0,3,3
123,0,3017.897647058824,-1,-1,-1,-1,-1,-1
124,0,13917.746956521738,2,2,20,0,6,3
125,0,1735.1080000000002,-1,-1,-1,-1,-1,-1
126,0,383.15514285714283,1,1,20,1,3,2
127,0,4063.4260869565214,4,8,20,0,2,1
128,0,210.4113725490196,1,2,20,0,4,2
129,0,25.977600000000002,-1,-1,-1,-1,2,1
130,0,10.654716981132076,2,2,17,0,-1,-1
131,0,1013.1321126760564,1,1,18,0,-1,-1
132,0,648.4968965517241,4,1,20,0,-1,-1
133,0,361.64986842105264,-1,-1,-1,-1,4,1
134,0,83.87436781609195,1,1,20,0,3,2
135,0,35.462839506172834,9,2,19,1,2,3
136,0,358.8188636363637,87,16,20,0,2,4
137,0,68.45868852459017,1,1,20,0,3,1
138,0,1043.8899999999999,-1,-1,-1,-1,-1,-1
139,0,455.3136363636364,-1,-1,-1,-1,3,5
140,0,4153.397037037036,6,12,5,0,1,3
141,0,651.7877966101697,6,12,20,1,3,4
142,0,292.9973684210524,-1,-1,-1,-1,-1,-1
143,0,151.07558139534885,20,6,17,0,2,6
144,0,52.77711864406779,4,5,20,0,5,3
145,0,9451.210490196083,53,28,20,0,2,3
146,0,13304.115,53,28,20,0,2,3
147,0,1835.1084415584417,53,4,20,0,-1,-1
148,0,425.1885294117645,5100,2,4,0,-1,-1
149,0,63.48410958904108,3,4,20,0,4,1
150,0,12.423942307692304,8,12,20,0,3,5
151,0,28.09721153846154,1,2,20,0,3,7
152,0,6408.197349397589,294,2,20,1,3,5
153,0,426.12942307692305,1,1,19,0,2,1
154,0,361.8308433734939,100,4,20,0,4,5
155,0,42.01680412371135,-1,-1,-1,-1,3,9
156,0,43.35669999999999,-1,-1,-1,-1,3,8
157,0,96.71849999999999,-1,-1,-1,-1,-1,-1
158,0,106.67788461538467,25,1,20,0,2,5
159,0,138.04480769230767,44,2,20,0,-1,-1
160,0,889.5411320754719,-1,-1,-1,-1,-1,-1
161,0,1542.288823529412,-1,-1,-1,-1,2,3
162,0,576.0264705882355,2,2,14,0,-1,-1
163,0,849.7178787878786,-1,-1,-1,-1,-1,-1
164,0,75.85849999999999,1,1,20,1,4,3
165,0,250.27442307692303,16,4,20,0,1,8
166,0,215.84434210526314,-1,-1,-1,-1,2,5
167,0,569.7051923076923,142,28,20,0,1,8
168,0,440.8445,142,28,20,0,1,5
169,0,4138.872656250001,16,9,20,0,2,5
170,0,210.12454545454548,142,45,20,0,1,6
171,0,541.3944230769231,142,45,20,0,2,3
172,0,574.1187499999999,16,1,20,0,1,4
173,0,504.79375,142,33,20,0,1,3
174,0,974.9266346153847,142,28,20,0,1,5
175,0,182.8041095890411,2,17,20,0,5,1
176,0,40.3546511627907,45,23,20,0,2,3
177,0,326.0716666666667,45,23,20,0,2,3
178,0,1545.191333333333,45,23,20,0,2,3
179,0,365.2604545454546,6,8,11,0,4,2
180,0,183.22367647058823,1,4,20,1,3,2
181,0,2.4685714285714284,2,2,20,0,3,3
182,0,6.740192307692308,1,1,14,0,6,2
183,0,647.5415841584156,5,6,20,1,5,4
184,0,45.23117647058823,3,4,20,0,3,1
185,0,67.83302083333334,22,1,20,0,2,1
186,0,654.8195744680851,1,1,6,1,2,4
187,0,31.325000000000003,13,1,20,0,3,7
188,0,369.1874468085106,2,1,20,0,3,6
189,0,875.1214814814813,1,1,8,0,4,1
190,0,87.32797619047622,294,4,20,0,1,8
191,0,1147.0232258064518,-1,-1,-1,-1,-1,-1
192,0,1225.7850980392159,2,4,20,0,2,7
193,0,177.28181818181818,-1,-1,-1,-1,-1,-1
194,0,9575.062328767126,269,35,20,0,2,6
195,0,9676.417999999998,6,6,20,0,7,6
196,0,170.4910416666667,2,2,20,0,3,2
197,0,58.23000000000001,50,5,20,0,-1,-1
198,0,123.50499999999998,1,1,20,1,2,3
199,0,57.02348837209303,2,2,9,0,3,1
200,0,2205.125555555556,-1,-1,-1,-1,1,1
201,0,244.79432692307677,-1,-1,-1,-1,-1,-1
202,0,1503.6270526315786,85,59,20,0,1,3
203,0,171.70038461538462,216,18,20,0,-1,-1
204,0,4582.259677419354,85,59,20,0,1,3
205,0,6244.103157894738,18,20,20,0,6,3
206,0,7.775777777777777,4,3,19,0,2,1
207,0,2439.383,36,3,9,0,4,3
208,0,241.7192307692309,-1,-1,-1,-1,4,1
209,0,107.89426966292135,2,2,20,0,3,1
210,0,1340.0016666666666,-1,-1,-1,-1,-1,-1
211,0,53.35460674157303,7,9,19,0,5,5
212,0,52.0257425742574,1,4,20,0,3,2
213,0,527.9300000000001,-1,-1,-1,-1,-1,-1
214,0,617.6481818181816,8,19,20,0,1,2
215,0,15511.606153846156,33,42,20,0,-1,-1
216,0,1802.4598717948718,-1,-1,-1,-1,-1,-1
217,0,741.2084615384613,-1,-1,-1,-1,1,3
218,0,308644.83884615387,33,1,20,0,2,3
219,0,8755.103557692306,33,42,20,1,-1,-1
220,0,449.2521590909091,1,3,20,0,4,2
221,0,2131.9500000000003,-1,-1,-1,-1,-1,-1
222,0,258.039375,142,1,20,0,1,4
223,0,30.767125000000004,2,3,20,0,3,6
224,0,18.650333333333325,74,15,6,0,2,1
225,0,879.0822580645162,-1,-1,-1,-1,-1,-1
226,0,878.05835443038,2,5,20,0,8,2
227,0,119.30685714285717,1,4,20,0,4,6
228,0,2600.8456363636365,12,23,20,0,4,3
229,0,4381.051250000001,269,140,19,0,4,3
230,0,19651.236666666668,-1,-1,-1,-1,3,3
231,0,1480.4703076923076,4,19,14,0,3,2
232,0,912.001551724138,2,2,20,0,3,3
233,0,149.5802105263158,1,1,20,0,3,1
234,0,246.99775,1,14,20,0,3,8
235,0,89.42096153846157,44,7,19,0,1,3
236,0,155.63124999999997,-1,-1,-1,-1,-1,-1
237,0,1036.001333333333,1,1,20,0,2,3
238,0,93.38888888888887,3,2,5,0,6,1
239,0,718.548888888889,-1,-1,-1,-1,3,3
240,0,146415.71666666667,7,22,20,0,1,5
241,0,1603.8542857142854,5,6,19,0,-1,-1
242,0,2221.4590140845066,5,6,20,0,-1,-1
243,0,10374.056779661016,1,2,20,0,-1,-1
244,0,2018.7473529411766,1,1,20,0,-1,-1
245,0,756.644807692308,17,18,19,0,5,5
246,0,354.4335164835166,8,17,20,0,-1,-1
247,0,609.0985714285715,-1,-1,-1,-1,-1,-1
248,0,1944.54,-1,-1,-1,-1,-1,-1
249,0,298.2014285714285,-1,-1,-1,-1,-1,-1
250,0,4747.835,-1,-1,-1,-1,-1,-1
251,0,20.555333333333337,-1,-1,-1,-1,-1,-1
252,0,69.31646153846155,-1,-1,-1,-1,3,3
253,0,636.8759999999999,-1,-1,-1,-1,3,1
254,0,13.694374999999999,2,2,20,0,1,3
255,0,2048.246896551724,71,24,20,0,-1,-1
256,0,99.67623762376239,-1,-1,-1,-1,-1,-1
257,0,5582.0975,71,24,20,0,1,4
258,0,2104.6797368421053,156,79,20,0,1,4
259,0,425.9859740259741,156,8,20,0,-1,-1
260,0,1063.075769230769,156,10,20,0,4,4
261,0,1819.24,-1,-1,-1,-1,-1,-1
262,0,706.6596666666667,-1,-1,-1,-1,1,4
263,0,46.319799999999994,5,5,20,0,2,2
264,0,266.24280487804873,-1,-1,-1,-1,-1,-1
265,0,361.451525423729,23,3,20,0,1,5
266,0,337.2327272727273,23,30,20,0,1,3
267,0,303.57629032258075,23,3,20,0,1,5
268,0,44.78875,-1,-1,-1,-1,-1,-1
269,0,606.843137254902,5,4,20,0,6,1
270,0,2572.2473333333323,2,3,20,0,3,7
271,0,243.70890625000007,171,2,20,0,3,4
272,0,204.2551724137931,171,5,20,0,3,3
273,0,225.45098039215685,-1,-1,-1,-1,3,5
274,0,53.788072289156624,1,1,20,0,4,6
275,0,344.50236842105267,1,1,20,0,3,3
276,0,1199.3208333333332,2,3,20,0,3,4
277,0,166.91634615384618,33,42,20,0,1,3
278,0,684.4822115384616,33,42,20,1,1,3
279,0,356.08649122807026,2,3,20,0,3,3
280,0,8017.87156862745,27,28,20,0,3,3
281,0,60.1803703703704,4,7,16,0,3,2
282,0,1752.7451020408166,1,2,20,0,2,5
283,0,475.47354838709674,3,1,20,0,5,1
284,0,193.71551724137933,90,21,20,0,1,4
285,0,197.02,116,5,20,0,2,4
286,0,117.16019230769226,44,2,20,0,1,3
287,0,106.48201923076923,44,1,20,0,1,4
288,0,20750.292631578945,13,23,20,0,1,4
289,0,72.25732394366197,-1,-1,-1,-1,-1,-1
290,0,38.597821782178215,42,1,20,0,3,2
291,0,1375.448181818182,-1,-1,-1,-1,5,1
292,0,87.39389830508475,2,1,20,0,3,8
293,0,1228.419814814815,3,4,20,0,3,1
294,0,1979.5460784313727,21,3,20,0,2,1
295,0,102.54971153846158,5,7,14,0,2,2
296,0,512.7592,19,23,20,0,4,3
297,0,13.076250000000003,-1,-1,-1,-1,-1,-1
298,0,102.61910112359551,17,14,18,0,3,4
299,0,61.1871844660194,74,39,20,0,2,7
300,0,254.0094871794871,4,19,20,0,2,1
301,0,787.0888888888888,171,6,18,0,1,3
302,0,75035.40647058825,1,1,20,0,3,6
303,0,39.754423076923075,1,3,20,0,2,7
304,0,64.49269230769231,228,5,18,0,1,1
305,0,467.6964044943819,6,1,19,0,2,1
306,0,1134.654727272727,5,5,18,0,2,5
307,0,21.170327868852464,1,1,20,0,2,3
308,0,126.35056338028173,1,120,20,0,1,3
309,0,1702.42125,87,120,20,0,1,3
310,0,256.5446,14,4,13,0,3,3
311,0,548.4525714285714,1,1,19,0,1,5
312,0,914.9662500000001,29,13,13,0,1,3
313,0,803.7249056603772,1,2,20,0,6,1
314,0,507.99705882352936,-1,-1,-1,-1,1,2
315,0,50.73557692307691,1,2,20,0,2,1
316,0,1400.4500000000003,-1,-1,-1,-1,2,1
317,0,1054.927777777778,-1,-1,-1,-1,1,1
318,0,948.1592079207919,71,17,20,0,2,5
319,0,1135.499230769231,71,17,19,0,1,3
320,0,30.991200000000006,1,2,20,1,1,4
321,0,7771.396545454547,-1,-1,-1,-1,-1,-1
322,0,1311.3418749999998,-1,-1,-1,-1,-1,-1
323,0,155.8021568627451,116,10,20,0,2,5
324,0,855.188048780488,1,1,20,0,3,3
325,0,84.47244897959186,2,3,18,0,4,1
326,0,2238.0316326530615,15,26,20,0,3,5
327,0,8629.528666666665,15,26,20,1,3,5
328,0,75.5213333333333,3,3,20,1,4,5
329,0,453731.9363461537,33,42,20,0,1,3
330,0,16302.44761904762,-1,-1,-1,-1,3,5
331,0,54.49714285714287,-1,-1,-1,-1,3,2
332,0,34.25492307692307,100,1,20,0,3,6
333,0,216.73817307692318,44,6,20,0,1,4
334,0,665.2188461538461,44,6,20,0,1,3
335,0,1117.4444444444443,-1,-1,-1,-1,3,5
336,0,1186.4087096774192,116,129,20,0,3,6
337,0,15.060444444444443,25,1,20,0,2,2
338,0,348.3346575342466,20,2,20,0,2,3
339,0,22.86307692307692,116,9,18,0,3,7
340,0,56.48826923076923,71,22,20,0,1,5
341,0,655.6124038461538,15,21,20,0,4,7
342,0,771.0334482758622,15,21,20,0,5,3
343,0,184.91551724137935,216,29,20,1,-1,-1
344,0,257.0759183673469,72,19,17,1,2,6
345,0,83.30778846153848,4,4,20,0,3,3
346,0,95.93421052631581,42,3,20,0,4,7
347,0,4548.859589041098,19,21,20,0,-1,-1
348,0,28667.72,-1,-1,-1,-1,-1,-1
349,0,41.22490384615384,1,3,20,0,3,1
350,0,15599.735999999999,-1,-1,-1,-1,-1,-1
351,0,319.4291071428571,-1,-1,-1,-1,-1,-1
352,0,406.8427586206896,171,13,20,0,3,3
353,0,24.73325842696629,156,10,20,0,2,3
354,0,146.5878181818182,1,3,19,0,1,5
355,0,1800.2086250000004,-1,-1,-1,-1,-1,-1
356,0,761.7464285714284,1,2,20,0,3,2
357,0,4875.548309859154,16,28,20,0,1,4
358,0,473.63880434782607,3,14,20,0,6,1
359,0,53.82218750000001,-1,-1,-1,-1,5,3
360,0,1762.836764705882,1,1,20,0,5,1
361,0,44.32707865168539,15,2,20,0,1,3
362,0,733.9440963855423,216,29,20,1,-1,-1
363,0,127.62937500000002,-1,-1,-1,-1,5,4
364,0,443.5045192307694,-1,-1,-1,-1,-1,-1
365,0,1215.080754716981,216,29,20,1,-1,-1
366,0,1355.430563380281,100,4,20,0,3,5
367,0,20.479230769230764,2,6,19,0,3,3
368,0,788.2371153846154,1,1,11,1,4,6
369,0,24.339710144927537,1,1,20,0,4,1
370,0,29.241770833333337,61,76,20,0,2,2
371,0,11405.950102040822,61,76,20,0,2,3
372,0,9517.014526315786,269,140,19,1,2,3
373,0,386.228947368421,2,2,20,0,4,5
374,0,20.87177083333334,-1,-1,-1,-1,-1,-1
375,0,52.70374999999998,44,1,20,0,-1,-1
376,0,54.18048076923076,44,2,18,0,1,3
377,0,86.12855769230768,44,1,20,0,1,3
378,0,226.64499999999998,29,13,14,0,3,3
379,0,98.02928571428573,29,13,14,0,3,3
380,0,178.77338028169015,29,13,14,0,3,3
381,0,320.5391228070176,29,13,14,0,3,3
382,0,624.2011627906976,29,13,14,0,3,3
383,0,1026.993870967742,29,13,14,0,3,3
384,0,2316.9725,29,13,14,0,3,3
385,0,32.175999999999995,3,4,20,0,3,5
386,0,63.49099999999998,1,1,20,0,1,8
387,0,322.56067796610165,228,33,20,0,-1,-1
388,0,599.3778260869564,228,33,20,0,-1,-1
389,0,356.77011494252866,228,33,20,0,1,6
390,0,731.4381034482757,228,33,20,0,1,6
391,0,397.24129870129866,228,33,20,0,1,3
392,0,7951.792823529407,228,33,20,1,2,2
393,0,1312.341860465116,228,33,20,0,1,1
394,0,1461.2749019607843,2,2,20,0,3,4
395,0,101.12288461538462,42,5,20,0,-1,-1
396,0,176.19658227848097,42,5,20,0,1,2
397,0,541.8518987341771,3,26,20,0,-1,-1
398,0,7920.0724590163945,1,1,19,1,5,3
399,0,244.1588333333333,26,4,20,0,5,5
400,0,37708.861428571436,100,2,4,1,5,2
401,0,117.08798076923077,-1,-1,-1,-1,-1,-1
402,0,120.67634615384614,71,23,20,0,1,3
403,0,126.28221153846154,71,23,20,0,1,3
404,0,552.9270192307692,-1,-1,-1,-1,-1,-1
405,0,22964.383281249997,71,23,20,0,1,3
406,0,8480.00090909091,71,23,20,0,1,3
407,0,1980.7461702127662,71,23,20,0,3,6
408,0,3991.109615384618,71,35,20,0,2,5
409,0,525.5686538461539,-1,-1,-1,-1,-1,-1
410,0,55.30721153846155,294,3,20,0,1,3
411,0,109.4935576923077,294,5,20,0,2,3
412,0,1145.7894871794872,294,5,20,0,2,3
413,0,4351.589142857143,294,5,20,0,2,3
414,0,1076.206,294,4,20,0,2,3
415,0,517.9193333333336,294,49,20,0,2,3
416,0,1435.734141414142,294,5,20,0,2,3
417,0,97.4363157894737,-1,-1,-1,-1,-1,-1
418,0,100.44255813953485,45,4,17,0,3,1
419,0,1099.5797297297295,6,10,20,0,3,6
420,0,1272.3769620253163,87,27,20,1,1,4
421,0,3498.1225,87,27,20,1,1,4
422,0,12979.872857142856,87,27,20,1,1,4
423,0,509.9776237623762,87,27,20,1,1,4
424,0,231.27258064516136,1,1,17,0,4,1
425,0,29.722195121951223,4,9,20,0,3,3
426,0,1837.181764705882,-1,-1,-1,-1,5,3
427,0,142.40934426229506,1,3,20,0,2,6
428,0,365.12625,-1,-1,-1,-1,-1,-1
429,0,1312.0507462686564,10,27,20,0,4,4
430,0,309.4899999999999,1,1,20,1,3,3
431,0,79.49430379746836,8,9,20,0,1,6
432,0,47.66855263157895,8,9,20,0,1,5
433,0,23.144444444444446,8,9,20,0,1,5
434,0,22.80235294117647,8,9,20,0,1,5
435,0,47.25907407407407,8,9,20,0,3,4
436,0,54.024711538461546,93,5,20,0,1,4
437,0,10.901481481481477,5,5,13,0,3,3
438,0,2581.459711538461,216,32,15,0,2,2
439,0,6083.085567010311,216,32,15,0,2,2
440,0,8475.488311688312,216,32,15,0,2,2
441,0,9738.387656249999,216,32,15,0,2,2
442,0,11666.935818181817,216,32,15,0,2,2
443,0,14217.12675,216,32,15,0,2,2
444,0,47357.67187500001,216,32,15,0,2,2
445,0,49945.44,216,32,15,0,2,2
446,0,1020.1466666666665,216,32,5,0,2,3
447,0,4922.298775510203,-1,-1,-1,-1,1,3
448,0,670.7738,20,1,20,0,4,5
449,0,482.33384615384614,1,1,12,0,4,1
450,0,436.68108695652177,2,2,20,0,6,1
451,0,47.11537313432838,1,1,20,0,2,3
452,0,161.59743589743584,8,9,20,0,-1,-1
453,0,1002.2022535211267,-1,-1,-1,-1,-1,-1
454,0,18.727749999999997,4,6,20,0,2,6
455,0,756.6667241379312,6,6,20,0,1,4
456,0,377.02797468354436,-1,-1,-1,-1,-1,-1
457,0,2048.892790697674,15,13,20,0,2,4
458,0,51.84224137931036,5,7,20,0,1,4
459,0,88.0240909090909,100,4,16,0,1,2
460,0,71.05905405405406,-1,-1,-1,-1,5,1
461,0,337.9851612903226,5,3,20,0,-1,-1
462,0,166.49277108433733,14,10,20,1,3,8
463,0,147.35148148148147,100,1,20,0,-1,-1
464,0,768.7415789473685,-1,-1,-1,-1,2,1
465,0,513.0780722891567,51,29,20,0,2,1
466,0,402.0840659340658,1,1,20,0,4,5
467,0,788.71375,-1,-1,-1,-1,5,1
468,0,223.8944871794871,5,2,20,0,4,5
469,0,25.362142857142853,-1,-1,-1,-1,4,2
470,0,36.337846153846144,50,6,20,0,1,5
471,0,26176.21721153846,33,5,20,1,2,3
472,0,175.36089743589744,-1,-1,-1,-1,-1,-1
473,0,68.06378640776698,2,2,20,1,3,3
474,0,700.3805555555556,42,1,5,1,2,3
475,0,1209.9073684210528,-1,-1,-1,-1,-1,-1
476,0,22.892692307692307,100,4,20,0,2,1
477,0,2878.277333333333,1,1,20,0,2,4
478,0,351.27048780487803,1,1,20,0,1,4
479,0,367.70273809523803,21,16,20,0,3,9
480,0,512.732619047619,5,13,19,0,2,1
481,0,427.75653061224483,1,1,18,0,5,1
482,0,663.9383870967745,63,2,18,1,3,6
483,0,18.950824742268033,3,4,20,0,2,6
484,0,18.196046511627905,10,2,15,0,3,7
485,0,160.11656862745102,-1,-1,-1,-1,-1,-1
486,0,47.814519230769264,-1,-1,-1,-1,2,1
487,0,96.56701923076918,171,13,20,0,2,1
488,0,437.21934426229507,1,1,7,1,4,2
489,0,1141.3129268292682,6,6,5,0,-1,-1
490,0,67.9764423076923,25,6,20,0,1,7
491,0,1266.4800961538463,-1,-1,-1,-1,-1,-1
492,0,64019.016478873265,25,9,20,0,2,6
493,0,723.6404807692309,25,6,20,0,1,8
494,0,179.82673076923072,25,6,20,0,1,8
495,0,1265.8500000000001,50,5,20,0,4,8
496,0,1338.4373333333335,1,1,20,0,2,1
497,0,131.76307692307682,6,5,20,1,2,3
498,0,3057.467954545455,3,4,20,0,4,1
499,0,51.687123287671234,13,20,20,0,1,8
500,0,1842.83,-1,-1,-1,-1,-1,-1
501,0,26.0245945945946,294,4,20,0,3,3
502,0,38.41153846153847,4,8,20,0,3,3
503,0,227.10152941176472,1,1,20,0,3,1
504,0,3927.4270000000006,-1,-1,-1,-1,5,1
505,0,38.60311827956988,5,5,20,0,3,3
506,0,194.55524271844664,6,7,20,0,4,3
507,0,346.0957812500001,-1,-1,-1,-1,1,3
508,0,2553.6717857142858,2,6,20,0,-1,-1
509,0,276.43411764705894,17,7,19,0,2,3
510,0,7855.325999999999,-1,-1,-1,-1,4,1
511,0,400.8528846153847,33,42,20,0,2,4
512,0,848.5318269230772,33,42,20,0,-1,-1
513,0,227.22355769230765,33,42,20,0,1,3
514,0,136.54721153846157,33,42,20,0,1,5
515,0,176.75499999999994,33,42,20,0,1,5
516,0,19.67432692307691,-1,-1,-1,-1,1,3
517,0,1511.706666666667,-1,-1,-1,-1,1,1
518,0,38.02798076923077,33,22,20,0,1,4
519,0,73.75548076923074,33,22,20,0,1,3
520,0,54.64211538461537,33,42,20,0,1,3
521,0,89.42912087912087,2,3,20,1,4,6
522,0,226.12749999999997,7,9,19,0,1,2
523,0,75.17387499999998,3,8,20,0,3,5
524,0,15.50192307692307,-1,-1,-1,-1,-1,-1
525,0,19.813375,100,1,20,0,3,7
526,0,28.739027777777792,3,7,20,0,2,1
527,0,286.4245192307692,269,140,18,0,1,2
528,0,13680.947457627115,269,140,19,1,2,3
529,0,80.67603448275861,5,5,20,0,4,1
530,0,1775.8471428571434,63,1,20,0,5,1
531,0,164.011,3,10,20,0,3,4
532,0,23.65451612903226,-1,-1,-1,-1,-1,-1
533,0,23.187246376811597,1,1,20,0,3,4
534,0,381.53658823529406,3,13,20,1,5,3
535,0,3349.190957446808,3,3,20,0,5,1
536,0,819.9034246575342,5,6,20,0,2,2
537,0,11.960117647058821,9,10,14,0,3,4
538,0,32.39301886792454,1,2,20,0,3,6
539,0,743.7973999999999,1,1,20,0,1,4
540,0,95.53096153846157,5,5,20,0,1,5
541,0,249.77562500000008,1,1,20,0,5,1
542,0,2520.5756862745097,1,3,20,0,3,6
543,0,117.91649122807019,-1,-1,-1,-1,6,4
544,0,6025.01,-1,-1,-1,-1,-1,-1
545,0,62.21894230769231,90,3,15,0,1,3
546,0,152.1744776119403,90,5,20,0,2,3
547,0,263.35797297297296,1,2,20,0,2,3
548,0,5090.889999999999,-1,-1,-1,-1,-1,-1
549,0,213.7871287128714,100,5,20,0,2,6
550,0,298.99222222222227,100,5,20,0,2,8
551,0,1475.8623913043477,2,6,20,0,2,5
552,0,192.38022222222227,1,1,20,0,5,1
553,0,146.72573033707866,58,15,20,0,3,6
554,0,172.4242424242424,58,15,20,0,3,3
555,0,2820.774385964913,20,3,20,0,2,8
556,0,98.6169491525424,2,2,20,0,2,3
557,0,327.59513513513514,2,2,20,0,4,3
558,0,3354.9024390243903,2,7,20,0,1,3
559,0,1158.7687301587298,1,1,20,1,3,2
560,0,115.41000000000003,1,1,20,0,4,7
561,0,169.549054054054,-1,-1,-1,-1,2,2
562,0,26.917466666666673,9,8,19,0,4,6
563,0,58.843269230769224,7,2,20,0,3,6
564,0,135.05339285714285,2,3,20,0,3,5
565,0,755.5866666666667,-1,-1,-1,-1,-1,-1
566,0,915.633076923077,1,1,4,0,2,1
567,0,811.3534482758622,2,2,6,0,2,3
568,0,1093.665,269,140,17,0,2,3
569,0,1878.8257692307693,1,2,20,0,5,1
570,0,162.8132258064516,44,2,19,0,1,4
571,0,316.66974999999996,14,17,11,0,1,5
572,0,1619.7423762376236,2,3,20,1,3,3
573,0,2439.0555555555557,87,3,20,0,1,1
574,0,368.7757142857144,2,2,20,0,4,3
575,0,90.47645569620255,15,26,20,0,3,5
576,0,60.848870967741945,2,3,20,0,3,5
577,0,531.4923809523809,-1,-1,-1,-1,2,1
578,0,54.004999999999995,-1,-1,-1,-1,3,2
579,0,17.069534883720934,2,2,20,0,-1,-1
580,0,19.117843137254905,216,2,20,0,1,8
581,0,45.52238805970146,4,6,20,0,3,4
582,0,2396.6266666666666,16,28,20,0,2,3
583,0,664.645673076923,228,25,20,0,2,3
584,0,237.07666666666665,228,25,20,0,2,1
585,0,2000.1812698412696,228,25,20,0,2,3
586,0,559.6443478260869,-1,-1,-1,-1,-1,-1
587,0,123.98199999999997,1,2,19,0,1,6
588,0,1262.3690624999997,1,1,20,0,5,1
589,0,3453.5515624999994,1,3,20,0,2,5
590,0,32.58530120481928,-1,-1,-1,-1,-1,-1
591,0,1193.7909615384613,37,28,20,1,1,3
592,0,3455.175888888889,37,28,20,0,1,3
593,0,69.35420454545455,3,8,20,1,3,3
594,0,3710.6226315789477,8,18,19,0,3,3
595,0,103.29906976744188,4,5,20,0,3,6
596,0,166.76492307692305,20,1,20,0,3,3
597,0,203.864,20,5,20,0,3,8
598,0,460.36,-1,-1,-1,-1,-1,-1
599,0,384.0744680851064,1,2,20,0,3,3
600,0,336.3475961538463,3,4,20,0,2,3
601,0,2712.2666129032264,1,1,20,0,5,1
602,0,829.1372222222221,-1,-1,-1,-1,-1,-1
603,0,306.2131730769231,25,2,20,0,2,6
604,0,567.4086516853935,-1,-1,-1,-1,-1,-1
605,0,283.08449275362324,44,3,20,0,1,4
606,0,117.98663461538465,2,3,20,0,-1,-1
607,0,58.361466666666686,2,2,20,0,3,3
608,0,16.152736842105266,100,4,20,0,3,7
609,0,27.99095238095238,1,2,15,0,2,5
610,0,3309.8690909090906,1,1,10,0,6,1
611,0,23.5475,11,2,14,0,2,5
612,0,120.16223880597018,8,5,20,0,2,6
613,0,4027.4166666666665,-1,-1,-1,-1,-1,-1
614,0,468.7260576923076,33,42,20,0,1,3
615,0,10398.14394230769,33,42,20,0,1,2
616,0,85.88586538461541,2,3,20,0,3,4
617,0,52.15240506329113,3,4,20,1,3,5
618,0,938.631153846154,7,5,20,0,4,1
619,0,378.7134482758621,228,8,20,0,1,5
620,0,269.6124444444444,29,5,20,0,-1,-1
621,0,818.3016438356165,-1,-1,-1,-1,-1,-1
622,0,204.0663636363636,2,2,19,0,4,1
623,0,46.2275,3,3,20,0,3,7
624,0,152.05037037037033,156,4,20,0,1,4
625,0,25.91818181818181,1,1,20,0,4,1
626,0,350.8586274509803,-1,-1,-1,-1,-1,-1
627,0,34.60568181818183,9,6,20,0,4,3
628,0,2897.1304761904753,1,1,4,1,3,2
629,0,144.36578947368426,25,9,20,0,-1,-1
630,0,534.6186885245901,7,1,20,0,4,4
631,0,58.2330303030303,18,22,7,0,3,2
632,0,63.77050000000002,18,22,5,0,3,4
633,0,34.28623762376237,5,7,20,0,3,1
634,0,12.465833333333332,2,2,20,0,4,1
635,0,136.6295833333334,22,2,20,0,1,3
636,0,134.42346666666666,22,1,20,0,2,5
637,0,3142.4422727272727,22,19,19,0,2,5
638,0,29.127411764705883,21,9,20,0,1,9
639,0,5535.709090909091,1,3,20,0,2,1
640,0,50.00680412371135,-1,-1,-1,-1,-1,-1
641,0,26.986730769230768,8,12,20,0,2,10
642,0,80.46864864864865,2,2,9,0,4,5
643,0,1018.3259523809525,6,1,20,0,2,6
644,0,640.7817307692305,-1,-1,-1,-1,-1,-1
645,0,993.9443396226417,-1,-1,-1,-1,2,3
646,0,1308.4540000000002,-1,-1,-1,-1,2,3
647,0,297.50195652173915,-1,-1,-1,-1,-1,-1
648,0,1517.8452238805971,106,1,19,0,-1,-1
649,0,95.22705882352942,6,2,20,0,4,3
650,0,304.80317307692314,269,24,20,0,2,2
651,0,113.56,269,6,20,0,2,4
652,0,5.97490909090909,-1,-1,-1,-1,-1,-1
653,0,857.9980582524267,5,1,20,0,4,1
654,0,1754.7041379310344,5,2,19,0,-1,-1
655,0,829.3952500000001,8,8,5,0,4,2
656,0,9.841111111111111,-1,-1,-1,-1,4,1
657,0,545.5754022988506,-1,-1,-1,-1,3,4
658,0,377.68971153846155,44,6,20,0,2,3
659,0,415.0491346153846,44,6,20,0,3,5
660,0,825.8,-1,-1,-1,-1,2,3
661,0,77.59533333333333,25,8,20,0,-1,-1
662,0,34.245480769230774,25,10,20,0,1,10
663,0,326.54721153846157,25,10,20,0,1,4
664,0,50.65981481481482,10,16,20,0,3,3
665,0,866.6342857142855,-1,-1,-1,-1,5,1
666,0,37.304038461538475,-1,-1,-1,-1,-1,-1
667,0,4198.625,-1,-1,-1,-1,-1,-1
668,0,149.4049315068493,4,8,20,0,4,1
669,0,13.003176470588233,1,1,20,0,1,3
670,0,1486.73,-1,-1,-1,-1,-1,-1
671,0,1222.6181395348835,96,17,20,0,3,1
672,0,777.3958695652174,-1,-1,-1,-1,5,1
673,0,416.2366666666666,90,5,19,0,1,6
674,0,411.783076923077,90,5,19,0,1,6
675,0,2179.458266666667,152,4,20,0,-1,-1
676,0,1710.7422784810124,3,1,19,0,1,7
677,0,2701.1906249999997,14,6,20,0,3,3
678,0,563.4276470588236,-1,-1,-1,-1,1,4
679,0,91.86718750000001,-1,-1,-1,-1,-1,-1
680,0,120.85860759493673,1,2,19,0,3,7
681,0,750.80679245283,7,9,20,0,6,2
682,0,586.1664999999999,25,6,20,0,3,3
683,0,140.1839423076923,44,3,20,0,2,3
684,0,587.3571052631578,1,3,20,0,7,1
685,0,423.4646268656717,2,2,20,0,2,2
686,0,36.70147540983606,-1,-1,-1,-1,3,4
687,0,76.75414141414142,-1,-1,-1,-1,-1,-1
688,0,46313.47516129032,-1,-1,-1,-1,1,3
689,0,2883.134,-1,-1,-1,-1,1,1
690,0,19.85517857142857,2,1,20,0,2,1
691,0,26.264807692307677,1,1,20,0,3,1
692,0,249.94881578947366,87,6,20,0,2,3
693,0,9.58379746835443,1,1,20,0,3,3
694,0,2773.2743478260877,-1,-1,-1,-1,-1,-1
695,0,742.9257746478872,44,17,20,0,-1,-1
696,0,1064.669423076923,216,5,9,0,4,3
697,0,137.09490384615387,6,5,20,0,2,1
698,0,20910.5625,6,5,19,0,5,1
699,0,5922.135576923079,6,5,19,0,2,6
700,0,360.46817307692305,-1,-1,-1,-1,-1,-1
701,0,37.64987500000001,3,4,20,0,3,1
702,0,103.42746835443035,1,4,20,0,4,4
703,0,105.15714285714283,2,1,20,1,2,4
704,0,2402.7419999999997,-1,-1,-1,-1,-1,-1
705,0,768.9779999999998,87,5,19,0,1,4
706,0,22.879125,1,1,20,1,3,4
707,0,218.10178571428574,18,3,20,0,2,4
708,0,618.4954716981132,1,1,20,0,4,1
709,0,1595.9319047619044,63,3,19,0,5,4
710,0,185.83752808988768,-1,-1,-1,-1,2,5
711,0,663.6618032786885,156,10,20,0,2,3
712,0,87.30493670886077,156,9,20,0,2,3
713,0,1775.702407407407,71,3,13,0,2,6
714,0,3343.284285714286,71,3,13,0,2,6
715,0,6267.0216666666665,71,3,13,0,2,6
716,0,15265.85833333333,71,3,13,0,2,6
717,0,9335.568333333335,71,3,13,0,2,6
718,0,40.9907462686567,115,11,20,0,2,3
719,0,73.38280000000002,115,11,20,0,2,3
720,0,46.009016393442636,115,11,20,0,2,3
721,0,67.77191489361702,115,11,20,0,2,3
722,0,5918.474117647058,-1,-1,-1,-1,4,1
723,0,395.07882352941175,8,12,20,0,3,2
724,0,667.8483870967744,11,11,20,0,6,1
725,0,184.37961538461542,-1,-1,-1,-1,-1,-1
726,0,2230.6122222222225,-1,-1,-1,-1,-1,-1
727,0,20.8676923076923,2,3,20,0,-1,-1
728,0,2521.197701149426,6,3,20,0,4,3
729,0,148.35636363636365,3,2,20,0,3,1
730,0,610.5505555555555,156,4,20,0,2,2
731,0,39.3736046511628,4,6,20,0,3,4
732,0,1615.951875,228,1,20,0,2,3
733,0,120.5044,5,6,20,0,1,6
734,0,1209.1482926829271,-1,-1,-1,-1,-1,-1
735,0,5355.3725454545465,4,6,20,0,1,3
736,0,809.7252272727272,-1,-1,-1,-1,3,3
737,0,1344.9823529411765,-1,-1,-1,-1,5,1
738,0,1190.820740740741,5,5,20,0,3,6
739,0,223.7833707865169,3,4,20,0,3,6
740,0,592.9833333333333,228,1,18,0,-1,-1
741,0,8.35659090909091,2,3,17,0,2,3
742,0,561.6667045454545,-1,-1,-1,-1,-1,-1
743,0,172.76478260869567,-1,-1,-1,-1,1,4
744,0,107.73153846153845,3,3,20,0,4,1
745,0,410.25454545454545,-1,-1,-1,-1,-1,-1
746,0,48.605700000000006,1,1,19,0,3,10
747,0,78.55880952380957,2,2,20,0,3,3
748,0,40.37511904761904,83,4,20,0,2,1
749,0,54.27055555555556,469,3,20,0,3,2
750,0,880.1110526315791,3,3,8,0,3,3
751,0,66.41528846153847,3,6,20,0,3,2
752,0,372.1212621359222,3,6,20,0,3,1
753,0,411.87706896551737,42,4,20,0,1,4
754,0,2173.9591666666665,-1,-1,-1,-1,1,3
755,0,126.70963636363636,-1,-1,-1,-1,-1,-1
756,0,159.14703703703702,10,1,20,0,5,1
757,0,1239.9550000000002,6,7,5,0,4,3
758,0,224.75736263736266,3,4,20,0,3,6
759,0,138.2464,3,4,20,0,3,4
760,0,858.2317391304347,90,2,20,0,1,3
761,0,174.34813559322038,63,4,20,0,3,4
762,0,1274.7432258064518,63,4,20,0,-1,-1
763,0,38.581954022988505,1,1,20,0,2,3
764,0,55.292596153846155,29,3,20,0,1,4
765,0,41.69345454545454,5,5,20,0,3,5
766,0,39.24619047619048,3,2,20,0,2,8
767,0,4117.903508771931,15,26,20,0,2,3
768,0,20.367000000000004,156,9,20,0,1,4
769,0,16582.228058252433,6,37,19,0,1,3
770,0,349.2406730769231,17,3,20,0,1,2
771,0,529.0613953488372,11,4,20,0,2,4
772,0,1179.5414285714285,-1,-1,-1,-1,2,1
773,0,482024.88145833346,3,3,20,0,-1,-1
774,0,220.96574257425732,3,4,20,0,3,3
775,0,7.261296296296298,4,10,17,0,3,1
776,0,125.1159615384615,-1,-1,-1,-1,-1,-1
777,0,132.61181818181817,1,1,20,1,3,3
778,0,16433.32796296296,13,5,20,0,2,5
779,0,295.1151648351647,2,2,20,0,2,5
780,0,59.00432835820895,50,2,20,0,3,7
781,0,18177.260674157307,1,1,20,0,6,3
782,0,2719.683,90,7,20,0,1,4
783,0,383.889,2,3,16,0,1,1
784,0,1015.9660000000001,-1,-1,-1,-1,3,1
785,0,5451.677777777778,-1,-1,-1,-1,1,2
786,0,6639.057142857143,-1,-1,-1,-1,-1,-1
787,0,27432.556,-1,-1,-1,-1,-1,-1
788,0,1234.4966666666667,-1,-1,-1,-1,-1,-1
789,0,1319.1925352112673,269,35,20,0,1,5
790,0,1230.731282051282,6,35,20,0,1,6
791,0,61.986538461538444,-1,-1,-1,-1,-1,-1
792,0,99.73015384615384,5,6,20,0,4,2
793,0,540.5923529411764,1,2,20,1,4,6
794,0,2119.592909090909,16,28,20,0,5,1
795,0,99.15976190476188,2,3,20,1,5,3
796,0,5140.515625,1,28,8,0,3,1
797,0,2830.5123999999987,17,18,20,0,3,2
798,0,282.22134328358203,1,1,20,1,3,3
799,0,308.6459090909092,2,3,20,0,3,4
800,0,52.499677419354846,5,9,19,0,3,5
801,0,242.25555555555553,-1,-1,-1,-1,3,3
802,0,783.5481730769233,-1,-1,-1,-1,-1,-1
803,0,1.709305555555555,2,1,20,0,3,5
804,0,9.465000000000002,-1,-1,-1,-1,4,1
805,0,219.79449275362313,1,1,20,0,2,6
806,0,25.54380952380953,3,4,19,0,1,3
807,0,430.8858653846153,33,42,20,0,1,6
808,0,2243.2112500000003,33,42,20,0,2,5
809,0,581.7626229508195,58,10,20,0,3,6
810,0,544.214705882353,3,2,20,0,5,1
811,0,879.2271739130434,71,17,19,0,-1,-1
812,0,61.07290000000001,1,6,20,0,2,1
813,0,1613.4568750000005,269,15,20,0,3,6
814,0,867.7622222222221,87,13,5,0,3,1
815,0,565.7654545454545,-1,-1,-1,-1,1,4
816,0,1015.6025925925925,-1,-1,-1,-1,1,4
817,0,439.43854166666665,5,12,20,0,1,3
818,0,1048.7030952380953,156,12,14,0,1,3
819,0,771.198977272727,1,2,20,1,4,3
820,0,60.06028846153846,142,3,20,0,2,5
821,0,86.67528846153846,13,20,20,0,1,10
822,0,118.46269841269842,50,5,20,0,3,8
823,0,97.43045454545455,4,7,20,0,3,4
824,0,871.5758139534881,71,24,20,0,3,1
825,0,431.223717948718,71,24,20,0,1,2
826,0,136.64236363636368,5,10,20,0,1,2
827,0,229.70403846153843,71,24,20,0,1,3
828,0,761.8931730769235,19,23,20,0,3,1
829,0,1840.0276923076924,-1,-1,-1,-1,3,4
830,0,2894.9228571428575,-1,-1,-1,-1,1,1
831,0,815.4190769230768,469,2,13,0,-1,-1
832,0,331.654705882353,469,17,20,0,-1,-1
833,0,35.87363636363636,100,2,20,0,2,5
834,0,108.04642857142859,1,2,20,1,2,3
835,0,70.34142857142857,10,9,20,0,3,4
836,0,92.07064516129032,115,2,20,0,-1,-1
837,0,28.4383908045977,2,4,20,0,1,10
838,0,267.9912745098039,-1,-1,-1,-1,-1,-1
839,0,3460.2402439024404,2,1,20,0,4,1
840,0,389.7134693877551,72,8,14,0,2,5
841,0,603.040652173913,1,1,20,0,3,3
842,0,1944.169111111111,17,1,19,0,3,4
843,0,3004.7527272727275,13,3,20,0,3,4
844,0,1082.5352884615384,-1,-1,-1,-1,-1,-1
845,0,140.5288405797101,1,1,20,0,5,4
846,0,262.38964912280693,1,1,20,1,1,4
847,0,69.76519230769227,4,2,20,0,2,1
848,0,9638.773333333333,-1,-1,-1,-1,-1,-1
849,0,8.997076923076923,2,3,20,0,3,6
850,0,452.2584722222223,-1,-1,-1,-1,5,1
851,0,55.532321428571414,100,6,20,0,4,5
852,0,46.206567164179106,-1,-1,-1,-1,-1,-1
853,0,64.38040404040406,116,8,20,0,2,3
854,0,123.89467532467539,-1,-1,-1,-1,-1,-1
855,0,3411.540384615385,12,129,1,0,1,3
856,0,1174.43,12,129,1,0,1,3
857,0,278.5336046511629,12,129,1,0,1,3
858,0,271.4271153846153,12,129,1,0,1,3
859,0,537.4060416666666,12,129,1,0,1,3
860,0,686.9473999999999,-1,-1,-1,-1,2,3
861,0,49.15294117647059,-1,-1,-1,-1,-1,-1
862,0,130.84468085106383,-1,-1,-1,-1,2,7
863,0,199.02615384615385,-1,-1,-1,-1,-1,-1
864,0,149.1310344827586,2,2,20,0,-1,-1
865,0,68.18702127659576,5,7,20,0,3,5
866,0,883.813275862069,9,9,20,0,4,1
867,0,9775.305689655172,1,2,20,0,3,3
868,0,7442.8533333333335,1,1,20,0,3,1
869,0,536.5107407407406,42,1,20,0,2,1
870,0,2092.6081967213113,29,1,19,0,1,4
871,0,104.78461538461536,90,13,20,0,1,2
872,0,1333.8795555555555,37,4,20,0,-1,-1
873,0,835.1411538461535,-1,-1,-1,-1,-1,-1
874,0,427.50431818181823,10,3,20,0,3,7
875,0,7848.438695652175,7,3,20,0,3,4
876,0,235.23954545454546,3,13,20,0,1,2
877,0,44.7670512820513,37,1,20,0,5,6
878,0,3460.5628749999996,3,5,20,0,6,3
879,0,20.26168674698795,1,2,20,0,3,3
880,0,34286.6172463768,19,20,20,1,4,6
881,0,819.5157303370786,294,1041,9,0,2,2
882,0,342.95322580645166,3,3,20,0,4,6
883,0,1012.1271153846153,-1,-1,-1,-1,-1,-1
884,0,6787.124000000001,-1,-1,-1,-1,-1,-1
885,0,2849.5842424242414,1,1,20,0,8,1
886,0,32969.03689655172,4,5,20,1,5,4
887,0,142.96474358974356,3,7,19,0,1,2
888,0,507.3622857142858,-1,-1,-1,-1,-1,-1
889,0,246.72490384615392,8,19,20,0,2,1
890,0,133.83298076923074,9,19,20,0,2,1
891,0,200.25134615384607,8,19,19,0,2,1
892,0,2699.0002564102565,1,1,20,0,5,1
893,0,2559.4767441860463,100,2,20,0,5,1
894,0,9777.483030303028,13,4,20,0,2,5
895,0,94.24629213483146,-1,-1,-1,-1,4,2
896,0,108.22970149253732,6,6,20,0,3,5
897,0,2923.6775,-1,-1,-1,-1,-1,-1
898,0,2264.6066666666666,-1,-1,-1,-1,-1,-1
899,0,836.5910576923075,-1,-1,-1,-1,-1,-1
900,0,170.7851923076923,-1,-1,-1,-1,-1,-1
901,0,619.7520388349517,-1,-1,-1,-1,-1,-1
902,0,62.93932692307691,24,24,19,0,-1,-1
903,0,480.83124999999995,-1,-1,-1,-1,-1,-1
904,0,8712.297499999999,-1,-1,-1,-1,-1,-1
905,0,97.16272727272728,23,18,20,0,1,4
906,0,167.17754098360652,3,5,20,0,2,7
907,0,37.466619718309865,-1,-1,-1,-1,-1,-1
908,0,205.62918918918922,-1,-1,-1,-1,5,1
909,0,179.655,90,25,20,0,1,4
910,0,1350.1189010989012,90,28,20,0,2,5
911,0,91.04797297297296,90,1,20,0,-1,-1
912,0,1316.4871153846154,90,25,20,0,1,4
913,0,312.05865671641794,25,27,20,0,3,1
914,0,16.835499999999996,25,27,20,0,1,3
915,0,208.8082758620689,3,4,20,0,3,7
916,0,171.27340425531915,21,16,20,0,3,5
917,0,902.005,-1,-1,-1,-1,-1,-1
918,0,9819.477777777778,-1,-1,-1,-1,5,1
919,0,48.362432432432435,1,1,20,1,6,3
920,0,1591.379838709677,2,1,20,0,5,1
921,0,166.16590000000005,44,2,20,0,3,5
922,0,15570.86222222222,-1,-1,-1,-1,2,2
923,0,376.1721359223301,18,20,19,0,5,1
924,0,81.78985294117649,1,1,20,0,5,1
925,0,7547.218333333333,1,2,20,0,2,3
926,0,4.652588235294117,2,2,18,0,2,3
927,0,46.633076923076935,100,18,20,0,2,2
928,0,216.68701923076924,-1,-1,-1,-1,2,5
929,0,45.27038461538462,100,18,20,0,-1,-1
930,0,305.30915254237294,74,6,20,0,2,5
931,0,140.2446391752577,100,12,20,0,-1,-1
932,0,220.60852459016397,100,12,20,0,2,3
933,0,1973.9483870967742,228,10,19,0,-1,-1
934,0,228.3759375,269,11,20,0,4,5
935,0,179.77602564102563,269,11,20,0,4,4
936,0,4273.129999999999,-1,-1,-1,-1,-1,-1
937,0,1860.796333333333,2,2,20,1,7,3
938,0,297.0593846153846,-1,-1,-1,-1,-1,-1
939,0,917.3706944444447,1,1,20,0,5,5
940,0,4876.038,-1,-1,-1,-1,5,1
941,0,150.50679012345677,4,3,20,0,3,8
942,0,14.552424242424241,1,1,20,0,3,1
943,0,681.7662500000001,71,17,17,0,1,1
944,0,827.3891346153848,-1,-1,-1,-1,-1,-1
945,0,27880.540673076925,53,21,19,0,1,3
946,0,26976.115094339628,53,21,20,0,1,7
947,0,1798.617532467533,53,21,20,0,1,3
948,0,396.0253846153847,-1,-1,-1,-1,-1,-1
949,0,185.79142857142858,3,4,20,0,2,4
950,0,826.5774038461543,51,5,19,0,4,1
951,0,1126.529230769231,-1,-1,-1,-1,3,3
952,0,175.73098901098896,-1,-1,-1,-1,-1,-1
953,0,6847.114318181819,1,1,20,0,2,7
954,0,403.51649350649353,1,1,20,0,3,4
955,0,17.056404494382022,3,4,20,0,3,8
956,0,1086.3585483870968,1,4,20,0,4,5
957,0,507.86185185185184,54,45,19,0,2,3
958,0,1156.866666666667,54,45,19,0,2,3
959,0,44.89939393939393,54,45,19,0,1,1
960,0,173.67302083333334,25,15,19,0,1,3
961,0,491.3833333333333,25,15,8,0,1,3
962,0,665.9066666666668,5,5,6,0,2,2
963,0,549.7233333333332,14,1,20,0,3,3
964,0,103.60479999999998,-1,-1,-1,-1,-1,-1
965,0,91.19144230769233,-1,-1,-1,-1,1,5
966,0,158.019347826087,216,1,20,0,3,4
967,0,152.7540625,-1,-1,-1,-1,-1,-1
968,0,1082.7272222222223,-1,-1,-1,-1,-1,-1
969,0,2915.2940000000003,-1,-1,-1,-1,-1,-1
970,0,2777.2809756097568,1,1,4,0,-1,-1
971,0,405.5919512195122,-1,-1,-1,-1,-1,-1
972,0,713.560769230769,-1,-1,-1,-1,-1,-1
973,0,618.2709756097561,294,7,20,0,-1,-1
974,0,715.0785714285714,294,35,20,0,3,6
975,0,4191.944943820224,4,8,20,0,4,2
976,0,129.35072916666667,96,1,20,0,5,1
977,0,37.6548076923077,10,11,19,0,2,4
978,0,5258.775192307692,-1,-1,-1,-1,-1,-1
979,0,161.3922115384616,1,2,19,1,2,3
980,0,346.8384090909092,50,5,20,1,5,5
981,0,1924.8133333333335,-1,-1,-1,-1,-1,-1
982,0,714.5874074074076,-1,-1,-1,-1,-1,-1
983,0,529.2137500000001,9,9,20,0,7,2
984,0,37.47788732394367,1,2,20,0,4,1
985,0,668.0966346153843,-1,-1,-1,-1,-1,-1
986,1,2321.6496875000003,3,2,20,0,4,1
987,0,438.6555208333334,12,20,20,0,4,3
988,0,1558.9417307692306,6,3,20,0,3,3
989,0,476.17355769230767,1,6,19,0,-1,-1
990,0,3940.639195402299,10,3,20,1,5,3
991,0,14096.480634920632,1,1,20,0,3,9
992,0,2660.34,-1,-1,-1,-1,-1,-1
993,0,220.9195774647887,-1,-1,-1,-1,-1,-1
994,0,978.9213333333335,-1,-1,-1,-1,6,1
995,0,29.107241379310338,7,9,19,0,3,9
996,0,488.7671428571428,5,21,18,0,4,1
997,0,247.5114583333333,269,21,15,0,3,1
998,0,225.56313725490196,294,7,19,0,2,3
999,0,10308.721967213112,269,140,20,1,2,3
1000,0,835.8633333333333,5,1,20,0,3,1
1001,0,280.0255072463767,2,1,20,0,3,1
1002,0,71.12016949152542,2,5,18,0,4,3
1003,0,685.1160869565219,12,1,17,0,2,1
1004,0,433.21864864864875,1,1,20,0,3,4
1005,0,267.54,1,1,7,0,-1,-1
1006,0,1635.5050819672126,116,129,20,1,1,2
1007,0,242.99730769230763,50,2,20,1,4,6
1008,0,133.4156338028169,-1,-1,-1,-1,-1,-1
1009,0,314.1605154639175,15,15,20,0,2,1
1010,0,391.74192307692294,15,15,20,0,2,2
1011,0,1296.8287500000001,15,15,20,1,3,1
1012,0,92.24064102564101,87,13,20,0,1,3
1013,0,2418.9617857142853,8,12,20,0,1,4
1014,0,1139.1144,8,12,20,0,3,2
1015,0,238.03584905660384,1,1,20,0,2,2
1016,0,157.0265432098765,-1,-1,-1,-1,3,4
1017,0,313.8011111111111,1,2,14,0,6,2
1018,0,19.994509803921563,3,4,20,0,3,5
1019,0,51.87929292929293,3,4,20,0,2,5
1020,0,36.70174999999999,2,2,18,0,5,1
1021,0,368.67894230769247,228,8,18,0,1,2
1022,0,392.5851923076924,228,8,20,0,1,1
1023,0,85.35677083333333,9,8,19,0,3,6
1024,0,398.26591549295773,2,3,20,0,5,1
1025,0,1009.4621739130436,269,45,19,0,2,5
1026,0,370.2208064516129,-1,-1,-1,-1,4,1
1027,0,544.5957894736844,156,8,20,0,-1,-1
1028,0,28.913600000000002,1,1,20,0,-1,-1
1029,0,41.6676595744681,26,1,19,0,2,3
1030,0,2815.1786666666667,156,21,20,0,2,3
1031,0,477.58000000000015,7,1,20,0,5,3
1032,0,125.2952475247525,21,3,15,0,1,1
1033,0,21.14527027027027,1,1,20,0,3,1
1034,0,2059.2100000000005,6,7,20,1,1,3
1035,0,246.24761904761908,2,2,16,0,5,3
1036,0,115.90333333333334,-1,-1,-1,-1,1,9
1037,0,454.43274509803905,156,21,20,0,-1,-1
1038,0,227.4504347826087,156,8,20,0,1,3
1039,0,52885.25288461538,33,42,20,1,2,3
1040,0,68.80009615384611,33,42,20,0,1,3
1041,0,983.115,-1,-1,-1,-1,-1,-1
1042,0,62.50089552238808,1,1,20,1,3,3
1043,0,3446.165,2,5,5,0,5,4
1044,0,429.8441095890411,1,3,20,0,2,6
1045,0,323.8575862068964,45,1,6,0,1,3
1046,0,19101.220769230764,3,1,20,0,4,13
1047,0,60.27625000000001,-1,-1,-1,-1,-1,-1
1048,0,145.81574712643678,26,16,20,0,3,8
1049,0,16.708153846153845,1,2,20,0,2,3
1050,0,1073.6577884615383,2,3,20,0,4,2
1051,0,6761.852894736841,13,4,20,0,1,10
1052,0,115.75197802197802,71,3,20,0,1,4
1053,0,11.963563218390801,8,5,20,0,2,2
1054,0,356.9,294,2,19,0,3,4
1055,0,1385.2728124999999,294,2,20,0,3,3
1056,0,81.37846153846155,71,11,20,0,1,4
1057,0,71.44411764705885,-1,-1,-1,-1,1,1
1058,0,333.59375,-1,-1,-1,-1,1,4
1059,0,801.2448076923075,-1,-1,-1,-1,-1,-1
1060,0,9627.537250000005,71,3,20,0,2,1
1061,0,18861.166634615383,-1,-1,-1,-1,-1,-1
1062,0,12554.643888888892,71,23,20,0,1,3
1063,0,880.0962222222221,71,1,16,1,1,5
1064,0,269.648024691358,63,7,20,0,5,9
1065,0,471.78749999999997,63,3,20,0,3,6
1066,0,226.9370129870129,71,6,20,0,1,5
1067,0,319.9824390243903,71,6,20,0,2,3
1068,0,110.11379746835445,100,4,20,0,4,2
1069,0,22.02542372881356,50,2,20,0,3,6
1070,0,44.22761194029853,1,1,20,0,3,5
1071,0,4294.306585365854,1,1,20,0,1,2
1072,0,133.0801063829787,24,30,19,1,4,3
1073,0,1688.464126984126,1,1,20,0,6,2
1074,0,124.81012500000001,135,63,20,0,1,3
1075,0,1386.2685897435897,2,2,20,0,4,5
1076,0,873.5695192307692,4,4,19,0,3,2
1077,0,40.191111111111105,1,1,15,0,2,3
1078,0,3272.4199999999996,-1,-1,-1,-1,-1,-1
1079,0,3.774117647058824,-1,-1,-1,-1,3,3
1080,0,43.05900000000001,4,4,20,0,2,4
1081,0,43.306428571428576,4,4,18,0,2,3
1082,0,44.52673076923076,-1,-1,-1,-1,4,1
1083,0,10.471142857142857,12,1,20,0,3,4
1084,0,2507.3907692307685,-1,-1,-1,-1,-1,-1
1085,0,5541.492222222222,44,12,20,0,2,4
1086,0,127.5766336633664,1,2,19,0,2,3
1087,0,149.5535416666667,87,7,20,0,2,3
1088,0,21.58967741935484,1,1,20,0,3,8
1089,0,262.1381481481481,5,18,20,0,3,8
1090,0,53.44038461538461,1,2,20,0,3,6
1091,0,21.70528846153847,-1,-1,-1,-1,-1,-1
1092,0,25.674358974358974,2,4,20,0,2,4
1093,0,8.847837837837837,-1,-1,-1,-1,2,3
1094,0,999.6433653846153,2,22,19,0,1,2
1095,0,14698.256000000001,7,22,20,0,1,4
1096,0,888.9051923076925,-1,-1,-1,-1,-1,-1
1097,0,193.01142857142858,1,1,20,0,2,6
1098,0,159.78101123595513,26,27,20,0,3,8
1099,0,18.629166666666666,7,5,13,0,2,2
1100,0,2630.7177777777783,4,4,20,0,1,3
1101,0,291.6935714285714,6,4,20,0,2,6
1102,0,136.39203389830507,171,4,20,0,-1,-1
1103,0,954.6668831168832,15,13,20,0,3,6
1104,0,19.662843137254907,4,6,20,0,1,10
1105,0,189.04999999999998,-1,-1,-1,-1,-1,-1
1106,0,16.374393939393936,-1,-1,-1,-1,3,5
1107,0,693.1214705882354,7,3,20,0,4,3
1108,0,9.594903846153846,2,2,16,0,1,3
1109,0,1157.839259259259,171,1,20,0,2,1
1110,0,18.659480519480518,100,1,20,0,3,4
1111,0,51.88660194174758,4,9,20,0,3,6
1112,0,3173.9702083333336,294,2,20,0,2,3
1113,0,52743.43301587306,294,43,20,0,1,3
1114,0,286.6969791666667,294,2,20,0,2,4
1115,0,5254.115833333332,294,13,20,0,3,3
1116,0,1666.3875000000007,29,20,19,0,2,7
1117,0,92.2764423076923,4,4,20,0,1,4
1118,0,1599.4264705882356,4,4,20,1,4,6
1119,0,220.37158536585363,13,1,20,1,4,4
1120,0,819.4756410256408,-1,-1,-1,-1,2,3
1121,0,3226.088767123287,216,25,20,0,1,3
1122,0,3107.564230769229,21,25,1,0,-1,-1
1123,0,2267.771346153847,85,19,20,0,-1,-1
1124,0,1414.5900000000001,21,5,1,0,-1,-1
1125,0,7704.948555555556,216,25,20,0,1,2
1126,0,3067.439903846153,85,19,19,0,1,3
1127,0,14254.356956521737,85,19,20,0,2,3
1128,0,5272.802586206896,8,9,20,0,2,3
1129,0,15897.610000000004,85,19,20,0,2,3
1130,0,1148.6748837209304,5,5,20,0,4,1
1131,0,360.67181818181814,5,5,20,0,2,1
1132,0,57.942258064516125,4,1,19,0,3,1
1133,0,219.93737704918033,2,1,19,0,7,1
1134,0,817.9920000000001,1,3,19,1,3,3
1135,0,244.81874999999997,294,7,20,0,1,1
1136,0,9.164736842105265,-1,-1,-1,-1,-1,-1
1137,0,175.2925531914894,1,1,20,0,5,3
1138,0,495.1471428571428,-1,-1,-1,-1,1,3
1139,0,1150.5256730769233,-1,-1,-1,-1,-1,-1
1140,0,961.1431081081084,2,2,20,0,3,3
1141,0,126.1081707317073,4,7,20,0,3,6
1142,0,27.418596491228072,2,1,20,0,3,3
1143,0,1225.3262068965516,37,4,19,0,1,4
1144,0,3242.6746666666663,37,4,4,0,2,3
1145,0,142.54157142857142,1,1,19,0,3,1
1146,0,3236.4406666666673,6,6,20,0,3,2
1147,0,1110.932,-1,-1,-1,-1,-1,-1
1148,0,159.90923076923076,-1,-1,-1,-1,2,1
1149,0,117.30250000000001,2,7,17,0,2,8
1150,0,153.40571428571425,38,7,17,0,3,1
1151,0,76.12298076923074,-1,-1,-1,-1,-1,-1
1152,0,194.80173076923074,-1,-1,-1,-1,-1,-1
1153,0,38.215211267605646,8,12,20,0,3,5
1154,0,468.8644230769231,2,3,20,0,2,5
1155,0,621.3167469879518,2,3,20,0,2,5
1156,0,923.817931034483,2,3,20,0,2,5
1157,0,4500.561304347827,19,23,20,0,6,4
1158,0,59.109186046511624,2,2,20,0,3,4
1159,0,190.8832857142857,4,5,11,0,3,4
1160,0,1527.9157575757579,216,3,20,0,2,5
1161,0,299.9788333333333,269,35,20,0,2,3
1162,0,422.8821739130435,45,2,19,0,5,1
1163,0,257.05151515151516,2,2,20,1,3,7
1164,0,413.4384375,8,9,20,0,3,3
1165,0,154.10170212765962,1,1,20,0,5,1
1166,0,439.6993269230769,116,129,20,0,1,4
1167,0,1429.4437878787878,1,2,20,0,2,6
1168,0,95.25709677419357,-1,-1,-1,-1,3,8
1169,0,185.8321739130435,2,6,7,0,3,1
1170,0,164.74736842105258,-1,-1,-1,-1,1,3
1171,0,313.67499999999995,74,1,20,0,4,1
1172,0,17081.197407407406,1,1,20,0,5,3
1173,0,135.06035087719297,2,2,20,0,3,6
1174,0,6217.123999999998,1,1,20,1,1,1
1175,0,17.84394230769231,3,4,20,0,2,9
1176,0,56.97123456790123,294,3,20,0,-1,-1
1177,0,239.73776315789473,216,44,20,0,3,4
1178,1,15.73551724137931,-1,-1,-1,-1,3,6
1179,0,105.94471153846149,142,2,20,0,1,1
1180,0,286.1648837209302,87,8,20,0,2,4
1181,0,235.90311111111106,4,2,20,1,5,5
1182,0,95.24712328767122,-1,-1,-1,-1,4,6
1183,0,562.0588461538466,269,140,19,0,1,1
1184,0,444.2183653846154,1,1,20,0,5,1
1185,0,66.37313432835819,3,1,14,0,4,4
1186,0,155.91903614457826,5,6,20,0,2,2
1187,0,28.42344827586206,5,6,20,0,2,1
1188,0,617.7564102564104,7,11,20,0,5,3
1189,0,136.26716417910447,-1,-1,-1,-1,2,1
1190,0,23.800652173913047,-1,-1,-1,-1,-1,-1
1191,0,14140.32518518519,1,1,20,0,-1,-1
1192,0,499.9513888888891,1,1,13,0,2,3
1193,0,548.6082352941177,1,1,20,0,5,1
1194,0,11832.947894736844,12,8,20,1,1,5
1195,0,112.0363768115942,-1,-1,-1,-1,4,2
1196,0,108.05255319148937,7,11,20,1,3,3
1197,0,2644.810875,36,7,20,0,3,4
1198,0,32797.08275510203,1,11,20,0,2,6
1199,0,205.03457446808505,-1,-1,-1,-1,-1,-1
1200,0,859.2140476190477,87,21,20,0,3,3
1201,0,98.99144230769227,216,18,20,0,1,1
1202,0,535.4227884615382,216,18,20,0,1,1
1203,0,300.73230769230764,13,13,20,0,-1,-1
1204,0,296.93310344827574,85,59,20,0,3,3
1205,0,208.52032258064514,1,2,20,0,4,1
1206,0,432.75840909090897,24,30,19,0,4,3
1207,0,184.74192307692311,216,5,20,0,1,3
1208,0,429.21477777777795,17,25,20,0,2,3
1209,0,3965.248809523809,17,25,20,0,2,3
1210,0,292.3127586206896,-1,-1,-1,-1,2,6
1211,0,1885.47,-1,-1,-1,-1,2,6
1212,0,471.2386746987951,294,49,20,0,-1,-1
1213,0,1185.1139215686273,294,49,20,0,-1,-1
1214,0,108.29915254237288,7,3,20,0,3,3
1215,0,98.49000000000004,4,6,20,1,4,4
1216,0,34.83450980392157,10,2,20,0,2,4
1217,0,86.61158730158729,3,2,20,1,3,3
1218,0,595.2405128205128,1,2,20,0,6,1
1219,0,282.3815094339623,1,1,20,0,3,6
1220,0,967.4201666666669,1,1,15,0,4,1
1221,0,772.0460975609756,71,6,20,0,-1,-1
1222,0,740.7217073170733,4,6,20,0,1,5
1223,0,201.59614285714278,-1,-1,-1,-1,-1,-1
1224,0,19.78222222222222,-1,-1,-1,-1,3,5
1225,0,822.9166666666669,5,5,19,0,4,1
1226,0,252.07724137931035,1,14,20,0,3,1
1227,0,19.836442307692305,1,1,20,0,1,7
1228,0,184.67182926829273,7,22,19,0,3,3
1229,0,9625.602641509437,-1,-1,-1,-1,3,4
1230,0,5475.9487804878045,7,19,20,0,4,1
1231,0,114.16758620689657,2,2,20,1,2,2
1232,0,105.29621359223303,63,26,18,0,1,5
1233,0,142.6917821782178,63,26,20,0,1,3
1234,0,253.4655555555557,171,1,20,0,5,3
1235,0,1057.8044897959185,3,9,16,0,1,3
1236,0,986.9150000000002,8,11,17,0,2,1
1237,0,5718.534754098362,7,7,20,1,1,4
1238,0,2713.073069306931,7,7,19,1,1,6
1239,0,1267.8358064516128,216,44,19,0,3,4
1240,0,384.05227272727274,216,44,19,0,3,2
1241,0,2578.4625,-1,-1,-1,-1,-1,-1
1242,0,45.91349397590361,4,4,20,0,4,1
1243,0,1171.49,-1,-1,-1,-1,-1,-1
1244,0,288.2893103448276,2,4,20,0,3,4
1245,0,7424.96225,22,19,20,1,2,3
1246,0,13736.599016393444,17,18,20,0,-1,-1
1247,0,166.21569444444444,54,45,19,0,1,4
1248,0,109.89076923076927,1,1,20,0,4,1
1249,0,7.786415094339621,24,30,11,0,2,1
1250,0,7.583333333333333,24,30,11,0,2,1
1251,0,9.914200000000001,24,30,11,0,2,1
1252,0,7701.088333333333,-1,-1,-1,-1,1,4
1253,0,8606.226666666667,-1,-1,-1,-1,-1,-1
1254,0,30.75512195121953,1,1,19,1,3,4
1255,0,5.2700000000000005,3,4,10,0,2,4
1256,0,381.7851562499999,1,1,9,0,3,1
1257,0,9959.506,-1,-1,-1,-1,-1,-1
1258,0,731.7039506172841,1,2,20,0,-1,-1
1259,0,2011.753137254902,6,14,20,0,3,3
